woning;bouwjaarklasse;Elabel;besparing
geen woonpand;voor 1930;A;0
geen woonpand;voor 1930;B;0
geen woonpand;voor 1930;C;0
geen woonpand;voor 1930;D;0
geen woonpand;voor 1930;E;0
geen woonpand;voor 1930;F;0
geen woonpand;voor 1930;G;0
geen woonpand;voor 1930;N;0
geen woonpand;1930 - 1945;A;0
geen woonpand;1930 - 1945;B;0
geen woonpand;1930 - 1945;C;0
geen woonpand;1930 - 1945;D;0
geen woonpand;1930 - 1945;E;0
geen woonpand;1930 - 1945;F;0
geen woonpand;1930 - 1945;G;0
geen woonpand;1930 - 1945;N;0
geen woonpand;1946 - 1964;A;0
geen woonpand;1946 - 1964;B;0
geen woonpand;1946 - 1964;C;0
geen woonpand;1946 - 1964;D;0
geen woonpand;1946 - 1964;E;0
geen woonpand;1946 - 1964;F;0
geen woonpand;1946 - 1964;G;0
geen woonpand;1946 - 1964;N;0
geen woonpand;1965 - 1974;A;0
geen woonpand;1965 - 1974;B;0
geen woonpand;1965 - 1974;C;0
geen woonpand;1965 - 1974;D;0
geen woonpand;1965 - 1974;E;0
geen woonpand;1965 - 1974;F;0
geen woonpand;1965 - 1974;G;0
geen woonpand;1965 - 1974;N;0
geen woonpand;1975 - 1991;A;0
geen woonpand;1975 - 1991;B;0
geen woonpand;1975 - 1991;C;0
geen woonpand;1975 - 1991;D;0
geen woonpand;1975 - 1991;E;0
geen woonpand;1975 - 1991;F;0
geen woonpand;1975 - 1991;G;0
geen woonpand;1975 - 1991;N;0
geen woonpand;1992 - 1995;A;0
geen woonpand;1992 - 1995;B;0
geen woonpand;1992 - 1995;C;0
geen woonpand;1992 - 1995;D;0
geen woonpand;1992 - 1995;E;0
geen woonpand;1992 - 1995;F;0
geen woonpand;1992 - 1995;G;0
geen woonpand;1992 - 1995;N;0
geen woonpand;1996 - 1999;A;0
geen woonpand;1996 - 1999;B;0
geen woonpand;1996 - 1999;C;0
geen woonpand;1996 - 1999;D;0
geen woonpand;1996 - 1999;E;0
geen woonpand;1996 - 1999;F;0
geen woonpand;1996 - 1999;G;0
geen woonpand;1996 - 1999;N;0
geen woonpand;2000 - 2005;A;0
geen woonpand;2000 - 2005;B;0
geen woonpand;2000 - 2005;C;0
geen woonpand;2000 - 2005;D;0
geen woonpand;2000 - 2005;E;0
geen woonpand;2000 - 2005;F;0
geen woonpand;2000 - 2005;G;0
geen woonpand;2000 - 2005;N;0
geen woonpand;2006 - 2010;A;0
geen woonpand;2006 - 2010;B;0
geen woonpand;2006 - 2010;C;0
geen woonpand;2006 - 2010;D;0
geen woonpand;2006 - 2010;E;0
geen woonpand;2006 - 2010;F;0
geen woonpand;2006 - 2010;G;0
geen woonpand;2006 - 2010;N;0
geen woonpand;2011 - 2014;A;0
geen woonpand;2011 - 2014;B;0
geen woonpand;2011 - 2014;C;0
geen woonpand;2011 - 2014;D;0
geen woonpand;2011 - 2014;E;0
geen woonpand;2011 - 2014;F;0
geen woonpand;2011 - 2014;G;0
geen woonpand;2011 - 2014;N;0
geen woonpand;2015 - 2020;A;0
geen woonpand;2015 - 2020;B;0
geen woonpand;2015 - 2020;C;0
geen woonpand;2015 - 2020;D;0
geen woonpand;2015 - 2020;E;0
geen woonpand;2015 - 2020;F;0
geen woonpand;2015 - 2020;G;0
geen woonpand;2015 - 2020;N;0
geen woonpand;2021 - 2030;A;1
geen woonpand;2021 - 2030;B;0
geen woonpand;2021 - 2030;C;0
geen woonpand;2021 - 2030;D;0
geen woonpand;2021 - 2030;E;0
geen woonpand;2021 - 2030;F;0
geen woonpand;2021 - 2030;G;0
geen woonpand;2021 - 2030;N;0
geen woonpand;2031 - 2040;A;1
geen woonpand;2031 - 2040;B;0
geen woonpand;2031 - 2040;C;0
geen woonpand;2031 - 2040;D;0
geen woonpand;2031 - 2040;E;0
geen woonpand;2031 - 2040;F;0
geen woonpand;2031 - 2040;G;0
geen woonpand;2031 - 2040;N;0
geen woonpand;2041 - 2050;A;1
geen woonpand;2041 - 2050;B;0
geen woonpand;2041 - 2050;C;0
geen woonpand;2041 - 2050;D;0
geen woonpand;2041 - 2050;E;0
geen woonpand;2041 - 2050;F;0
geen woonpand;2041 - 2050;G;0
geen woonpand;2041 - 2050;N;0
vrijstaand;voor 1930;A;1
vrijstaand;voor 1930;B;1.0628367
vrijstaand;voor 1930;C;1.115951755
vrijstaand;voor 1930;D;1.166291616
vrijstaand;voor 1930;E;1.19634849
vrijstaand;voor 1930;F;1.248854909
vrijstaand;voor 1930;G;1.222008446
vrijstaand;voor 1930;N;1.20772799
vrijstaand;1930 - 1945;A;1
vrijstaand;1930 - 1945;B;1.093029405
vrijstaand;1930 - 1945;C;1.123073636
vrijstaand;1930 - 1945;D;1.159969681
vrijstaand;1930 - 1945;E;1.21702808
vrijstaand;1930 - 1945;F;1.273816513
vrijstaand;1930 - 1945;G;1.252918801
vrijstaand;1930 - 1945;N;1.239570065
vrijstaand;1946 - 1964;A;1
vrijstaand;1946 - 1964;B;1.036354932
vrijstaand;1946 - 1964;C;1.085753412
vrijstaand;1946 - 1964;D;1.121889957
vrijstaand;1946 - 1964;E;1.202207766
vrijstaand;1946 - 1964;F;1.236120399
vrijstaand;1946 - 1964;G;1.179526464
vrijstaand;1946 - 1964;N;1.197646442
vrijstaand;1965 - 1974;A;1
vrijstaand;1965 - 1974;B;1.021599216
vrijstaand;1965 - 1974;C;1.075800318
vrijstaand;1965 - 1974;D;1.182921066
vrijstaand;1965 - 1974;E;1.1829861
vrijstaand;1965 - 1974;F;1.148559247
vrijstaand;1965 - 1974;G;1.162949862
vrijstaand;1965 - 1974;N;1.174794656
vrijstaand;1975 - 1991;A;1
vrijstaand;1975 - 1991;B;1.058409804
vrijstaand;1975 - 1991;C;1.139510625
vrijstaand;1975 - 1991;D;1.177416904
vrijstaand;1975 - 1991;E;1.170167279
vrijstaand;1975 - 1991;F;1.158276987
vrijstaand;1975 - 1991;G;1.159123717
vrijstaand;1975 - 1991;N;1.134144543
vrijstaand;1992 - 1995;A;1
vrijstaand;1992 - 1995;B;1.032184036
vrijstaand;1992 - 1995;C;1.014448456
vrijstaand;1992 - 1995;D;0
vrijstaand;1992 - 1995;E;0
vrijstaand;1992 - 1995;F;0
vrijstaand;1992 - 1995;G;0
vrijstaand;1992 - 1995;N;1.027310802
vrijstaand;1996 - 1999;A;1
vrijstaand;1996 - 1999;B;1.038235199
vrijstaand;1996 - 1999;C;1.065290836
vrijstaand;1996 - 1999;D;0
vrijstaand;1996 - 1999;E;0
vrijstaand;1996 - 1999;F;0
vrijstaand;1996 - 1999;G;0
vrijstaand;1996 - 1999;N;1.051095971
vrijstaand;2000 - 2005;A;1
vrijstaand;2000 - 2005;B;1.047036972
vrijstaand;2000 - 2005;C;1.306573018
vrijstaand;2000 - 2005;D;0
vrijstaand;2000 - 2005;E;0
vrijstaand;2000 - 2005;F;0
vrijstaand;2000 - 2005;G;0
vrijstaand;2000 - 2005;N;1.041224142
vrijstaand;2006 - 2010;A;1
vrijstaand;2006 - 2010;B;1.045972251
vrijstaand;2006 - 2010;C;0
vrijstaand;2006 - 2010;D;0
vrijstaand;2006 - 2010;E;0
vrijstaand;2006 - 2010;F;0
vrijstaand;2006 - 2010;G;0
vrijstaand;2006 - 2010;N;1.028474555
vrijstaand;2011 - 2014;A;1
vrijstaand;2011 - 2014;B;0
vrijstaand;2011 - 2014;C;0
vrijstaand;2011 - 2014;D;0
vrijstaand;2011 - 2014;E;0
vrijstaand;2011 - 2014;F;0
vrijstaand;2011 - 2014;G;0
vrijstaand;2011 - 2014;N;0.99059864
vrijstaand;2015 - 2020;A;1
vrijstaand;2015 - 2020;B;0
vrijstaand;2015 - 2020;C;0
vrijstaand;2015 - 2020;D;0
vrijstaand;2015 - 2020;E;0
vrijstaand;2015 - 2020;F;0
vrijstaand;2015 - 2020;G;0
vrijstaand;2015 - 2020;N;0.989836927
vrijstaand;2021 - 2030;A;1
vrijstaand;2021 - 2030;B;0
vrijstaand;2021 - 2030;C;0
vrijstaand;2021 - 2030;D;0
vrijstaand;2021 - 2030;E;0
vrijstaand;2021 - 2030;F;0
vrijstaand;2021 - 2030;G;0
vrijstaand;2021 - 2030;N;0
vrijstaand;2031 - 2040;A;1
vrijstaand;2031 - 2040;B;0
vrijstaand;2031 - 2040;C;0
vrijstaand;2031 - 2040;D;0
vrijstaand;2031 - 2040;E;0
vrijstaand;2031 - 2040;F;0
vrijstaand;2031 - 2040;G;0
vrijstaand;2031 - 2040;N;0
vrijstaand;2041 - 2050;A;1
vrijstaand;2041 - 2050;B;0
vrijstaand;2041 - 2050;C;0
vrijstaand;2041 - 2050;D;0
vrijstaand;2041 - 2050;E;0
vrijstaand;2041 - 2050;F;0
vrijstaand;2041 - 2050;G;0
vrijstaand;2041 - 2050;N;0
2 onder 1 kap;voor 1930;A;1
2 onder 1 kap;voor 1930;B;1.011121474
2 onder 1 kap;voor 1930;C;1.098429373
2 onder 1 kap;voor 1930;D;1.19513217
2 onder 1 kap;voor 1930;E;1.290878322
2 onder 1 kap;voor 1930;F;1.338790688
2 onder 1 kap;voor 1930;G;1.370305742
2 onder 1 kap;voor 1930;N;1.397014649
2 onder 1 kap;1930 - 1945;A;1
2 onder 1 kap;1930 - 1945;B;1.213396396
2 onder 1 kap;1930 - 1945;C;1.279358471
2 onder 1 kap;1930 - 1945;D;1.382687384
2 onder 1 kap;1930 - 1945;E;1.413634243
2 onder 1 kap;1930 - 1945;F;1.526366072
2 onder 1 kap;1930 - 1945;G;1.538004953
2 onder 1 kap;1930 - 1945;N;1.614464052
2 onder 1 kap;1946 - 1964;A;1
2 onder 1 kap;1946 - 1964;B;1.096915595
2 onder 1 kap;1946 - 1964;C;1.119718538
2 onder 1 kap;1946 - 1964;D;1.202434123
2 onder 1 kap;1946 - 1964;E;1.328885568
2 onder 1 kap;1946 - 1964;F;1.409434994
2 onder 1 kap;1946 - 1964;G;1.400320831
2 onder 1 kap;1946 - 1964;N;1.435834481
2 onder 1 kap;1965 - 1974;A;1
2 onder 1 kap;1965 - 1974;B;1.021228433
2 onder 1 kap;1965 - 1974;C;1.0871644
2 onder 1 kap;1965 - 1974;D;1.212265112
2 onder 1 kap;1965 - 1974;E;1.275916736
2 onder 1 kap;1965 - 1974;F;1.332304924
2 onder 1 kap;1965 - 1974;G;1.359331698
2 onder 1 kap;1965 - 1974;N;1.341988621
2 onder 1 kap;1975 - 1991;A;1
2 onder 1 kap;1975 - 1991;B;1.098773521
2 onder 1 kap;1975 - 1991;C;1.221502209
2 onder 1 kap;1975 - 1991;D;1.320338001
2 onder 1 kap;1975 - 1991;E;1.434499579
2 onder 1 kap;1975 - 1991;F;0
2 onder 1 kap;1975 - 1991;G;0
2 onder 1 kap;1975 - 1991;N;1.248586238
2 onder 1 kap;1992 - 1995;A;1
2 onder 1 kap;1992 - 1995;B;1.09607222
2 onder 1 kap;1992 - 1995;C;0
2 onder 1 kap;1992 - 1995;D;0
2 onder 1 kap;1992 - 1995;E;0
2 onder 1 kap;1992 - 1995;F;0
2 onder 1 kap;1992 - 1995;G;0
2 onder 1 kap;1992 - 1995;N;1.247020184
2 onder 1 kap;1996 - 1999;A;1
2 onder 1 kap;1996 - 1999;B;1.184239183
2 onder 1 kap;1996 - 1999;C;0
2 onder 1 kap;1996 - 1999;D;0
2 onder 1 kap;1996 - 1999;E;0
2 onder 1 kap;1996 - 1999;F;0
2 onder 1 kap;1996 - 1999;G;0
2 onder 1 kap;1996 - 1999;N;1.354383982
2 onder 1 kap;2000 - 2005;A;1
2 onder 1 kap;2000 - 2005;B;0
2 onder 1 kap;2000 - 2005;C;0
2 onder 1 kap;2000 - 2005;D;0
2 onder 1 kap;2000 - 2005;E;0
2 onder 1 kap;2000 - 2005;F;0
2 onder 1 kap;2000 - 2005;G;0
2 onder 1 kap;2000 - 2005;N;1.166177274
2 onder 1 kap;2006 - 2010;A;1
2 onder 1 kap;2006 - 2010;B;0
2 onder 1 kap;2006 - 2010;C;0
2 onder 1 kap;2006 - 2010;D;0
2 onder 1 kap;2006 - 2010;E;0
2 onder 1 kap;2006 - 2010;F;0
2 onder 1 kap;2006 - 2010;G;0
2 onder 1 kap;2006 - 2010;N;1.154817768
2 onder 1 kap;2011 - 2014;A;1
2 onder 1 kap;2011 - 2014;B;0
2 onder 1 kap;2011 - 2014;C;0
2 onder 1 kap;2011 - 2014;D;0
2 onder 1 kap;2011 - 2014;E;0
2 onder 1 kap;2011 - 2014;F;0
2 onder 1 kap;2011 - 2014;G;0
2 onder 1 kap;2011 - 2014;N;1.210453099
2 onder 1 kap;2015 - 2020;A;1
2 onder 1 kap;2015 - 2020;B;0
2 onder 1 kap;2015 - 2020;C;0
2 onder 1 kap;2015 - 2020;D;0
2 onder 1 kap;2015 - 2020;E;0
2 onder 1 kap;2015 - 2020;F;0
2 onder 1 kap;2015 - 2020;G;0
2 onder 1 kap;2015 - 2020;N;1.085408197
2 onder 1 kap;2021 - 2030;A;1
2 onder 1 kap;2021 - 2030;B;0
2 onder 1 kap;2021 - 2030;C;0
2 onder 1 kap;2021 - 2030;D;0
2 onder 1 kap;2021 - 2030;E;0
2 onder 1 kap;2021 - 2030;F;0
2 onder 1 kap;2021 - 2030;G;0
2 onder 1 kap;2021 - 2030;N;0
2 onder 1 kap;2031 - 2040;A;1
2 onder 1 kap;2031 - 2040;B;0
2 onder 1 kap;2031 - 2040;C;0
2 onder 1 kap;2031 - 2040;D;0
2 onder 1 kap;2031 - 2040;E;0
2 onder 1 kap;2031 - 2040;F;0
2 onder 1 kap;2031 - 2040;G;0
2 onder 1 kap;2031 - 2040;N;0
2 onder 1 kap;2041 - 2050;A;1
2 onder 1 kap;2041 - 2050;B;0
2 onder 1 kap;2041 - 2050;C;0
2 onder 1 kap;2041 - 2050;D;0
2 onder 1 kap;2041 - 2050;E;0
2 onder 1 kap;2041 - 2050;F;0
2 onder 1 kap;2041 - 2050;G;0
2 onder 1 kap;2041 - 2050;N;0
rijwoning hoek;voor 1930;A;1
rijwoning hoek;voor 1930;B;1.0602439
rijwoning hoek;voor 1930;C;1.123662464
rijwoning hoek;voor 1930;D;1.145842838
rijwoning hoek;voor 1930;E;1.245188979
rijwoning hoek;voor 1930;F;1.308063705
rijwoning hoek;voor 1930;G;1.380686433
rijwoning hoek;voor 1930;N;1.44556173
rijwoning hoek;1930 - 1945;A;1
rijwoning hoek;1930 - 1945;B;1.060774502
rijwoning hoek;1930 - 1945;C;1.085548971
rijwoning hoek;1930 - 1945;D;1.154666966
rijwoning hoek;1930 - 1945;E;1.278482466
rijwoning hoek;1930 - 1945;F;1.36321714
rijwoning hoek;1930 - 1945;G;1.458929685
rijwoning hoek;1930 - 1945;N;1.499932834
rijwoning hoek;1946 - 1964;A;1
rijwoning hoek;1946 - 1964;B;1.078331441
rijwoning hoek;1946 - 1964;C;1.111668467
rijwoning hoek;1946 - 1964;D;1.20181666
rijwoning hoek;1946 - 1964;E;1.317825922
rijwoning hoek;1946 - 1964;F;1.418337544
rijwoning hoek;1946 - 1964;G;1.417571747
rijwoning hoek;1946 - 1964;N;1.415699592
rijwoning hoek;1965 - 1974;A;1
rijwoning hoek;1965 - 1974;B;1.040129267
rijwoning hoek;1965 - 1974;C;1.153920605
rijwoning hoek;1965 - 1974;D;1.258696341
rijwoning hoek;1965 - 1974;E;1.31526875
rijwoning hoek;1965 - 1974;F;1.391319116
rijwoning hoek;1965 - 1974;G;1.374658703
rijwoning hoek;1965 - 1974;N;1.329739402
rijwoning hoek;1975 - 1991;A;1
rijwoning hoek;1975 - 1991;B;1.068753482
rijwoning hoek;1975 - 1991;C;1.162497022
rijwoning hoek;1975 - 1991;D;1.251161558
rijwoning hoek;1975 - 1991;E;1.364002158
rijwoning hoek;1975 - 1991;F;0
rijwoning hoek;1975 - 1991;G;0
rijwoning hoek;1975 - 1991;N;1.175489331
rijwoning hoek;1992 - 1995;A;1
rijwoning hoek;1992 - 1995;B;1.036004616
rijwoning hoek;1992 - 1995;C;1.073279801
rijwoning hoek;1992 - 1995;D;0
rijwoning hoek;1992 - 1995;E;0
rijwoning hoek;1992 - 1995;F;0
rijwoning hoek;1992 - 1995;G;0
rijwoning hoek;1992 - 1995;N;1.169024548
rijwoning hoek;1996 - 1999;A;1
rijwoning hoek;1996 - 1999;B;1.056606347
rijwoning hoek;1996 - 1999;C;1.152357954
rijwoning hoek;1996 - 1999;D;0
rijwoning hoek;1996 - 1999;E;0
rijwoning hoek;1996 - 1999;F;0
rijwoning hoek;1996 - 1999;G;0
rijwoning hoek;1996 - 1999;N;1.132498484
rijwoning hoek;2000 - 2005;A;1
rijwoning hoek;2000 - 2005;B;1.028544046
rijwoning hoek;2000 - 2005;C;0
rijwoning hoek;2000 - 2005;D;0
rijwoning hoek;2000 - 2005;E;0
rijwoning hoek;2000 - 2005;F;0
rijwoning hoek;2000 - 2005;G;0
rijwoning hoek;2000 - 2005;N;1.063820953
rijwoning hoek;2006 - 2010;A;1
rijwoning hoek;2006 - 2010;B;0
rijwoning hoek;2006 - 2010;C;0
rijwoning hoek;2006 - 2010;D;0
rijwoning hoek;2006 - 2010;E;0
rijwoning hoek;2006 - 2010;F;0
rijwoning hoek;2006 - 2010;G;0
rijwoning hoek;2006 - 2010;N;1.04081604
rijwoning hoek;2011 - 2014;A;1
rijwoning hoek;2011 - 2014;B;0
rijwoning hoek;2011 - 2014;C;0
rijwoning hoek;2011 - 2014;D;0
rijwoning hoek;2011 - 2014;E;0
rijwoning hoek;2011 - 2014;F;0
rijwoning hoek;2011 - 2014;G;0
rijwoning hoek;2011 - 2014;N;1.069083247
rijwoning hoek;2015 - 2020;A;1
rijwoning hoek;2015 - 2020;B;0
rijwoning hoek;2015 - 2020;C;0
rijwoning hoek;2015 - 2020;D;0
rijwoning hoek;2015 - 2020;E;0
rijwoning hoek;2015 - 2020;F;0
rijwoning hoek;2015 - 2020;G;0
rijwoning hoek;2015 - 2020;N;1.076099989
rijwoning hoek;2021 - 2030;A;1
rijwoning hoek;2021 - 2030;B;0
rijwoning hoek;2021 - 2030;C;0
rijwoning hoek;2021 - 2030;D;0
rijwoning hoek;2021 - 2030;E;0
rijwoning hoek;2021 - 2030;F;0
rijwoning hoek;2021 - 2030;G;0
rijwoning hoek;2021 - 2030;N;0
rijwoning hoek;2031 - 2040;A;1
rijwoning hoek;2031 - 2040;B;0
rijwoning hoek;2031 - 2040;C;0
rijwoning hoek;2031 - 2040;D;0
rijwoning hoek;2031 - 2040;E;0
rijwoning hoek;2031 - 2040;F;0
rijwoning hoek;2031 - 2040;G;0
rijwoning hoek;2031 - 2040;N;0
rijwoning hoek;2041 - 2050;A;1
rijwoning hoek;2041 - 2050;B;0
rijwoning hoek;2041 - 2050;C;0
rijwoning hoek;2041 - 2050;D;0
rijwoning hoek;2041 - 2050;E;0
rijwoning hoek;2041 - 2050;F;0
rijwoning hoek;2041 - 2050;G;0
rijwoning hoek;2041 - 2050;N;0
rijwoning tussen;voor 1930;A;1
rijwoning tussen;voor 1930;B;1.085605948
rijwoning tussen;voor 1930;C;1.091261684
rijwoning tussen;voor 1930;D;1.147280246
rijwoning tussen;voor 1930;E;1.216506917
rijwoning tussen;voor 1930;F;1.290732599
rijwoning tussen;voor 1930;G;1.325072125
rijwoning tussen;voor 1930;N;1.389876189
rijwoning tussen;1930 - 1945;A;1
rijwoning tussen;1930 - 1945;B;0.972992809
rijwoning tussen;1930 - 1945;C;1.089978871
rijwoning tussen;1930 - 1945;D;1.135418034
rijwoning tussen;1930 - 1945;E;1.26922203
rijwoning tussen;1930 - 1945;F;1.338160543
rijwoning tussen;1930 - 1945;G;1.36075886
rijwoning tussen;1930 - 1945;N;1.408394416
rijwoning tussen;1946 - 1964;A;1
rijwoning tussen;1946 - 1964;B;1.074805714
rijwoning tussen;1946 - 1964;C;1.118666833
rijwoning tussen;1946 - 1964;D;1.240469811
rijwoning tussen;1946 - 1964;E;1.326410627
rijwoning tussen;1946 - 1964;F;1.368192448
rijwoning tussen;1946 - 1964;G;1.354572592
rijwoning tussen;1946 - 1964;N;1.406135481
rijwoning tussen;1965 - 1974;A;1
rijwoning tussen;1965 - 1974;B;1.052753271
rijwoning tussen;1965 - 1974;C;1.159135894
rijwoning tussen;1965 - 1974;D;1.273179351
rijwoning tussen;1965 - 1974;E;1.343778603
rijwoning tussen;1965 - 1974;F;1.382691958
rijwoning tussen;1965 - 1974;G;1.343431378
rijwoning tussen;1965 - 1974;N;1.310493355
rijwoning tussen;1975 - 1991;A;1
rijwoning tussen;1975 - 1991;B;1.079644939
rijwoning tussen;1975 - 1991;C;1.151343265
rijwoning tussen;1975 - 1991;D;1.256659435
rijwoning tussen;1975 - 1991;E;1.348027226
rijwoning tussen;1975 - 1991;F;0
rijwoning tussen;1975 - 1991;G;0
rijwoning tussen;1975 - 1991;N;1.161281063
rijwoning tussen;1992 - 1995;A;1
rijwoning tussen;1992 - 1995;B;1.04726013
rijwoning tussen;1992 - 1995;C;1.131142683
rijwoning tussen;1992 - 1995;D;0
rijwoning tussen;1992 - 1995;E;0
rijwoning tussen;1992 - 1995;F;0
rijwoning tussen;1992 - 1995;G;0
rijwoning tussen;1992 - 1995;N;1.151856166
rijwoning tussen;1996 - 1999;A;1
rijwoning tussen;1996 - 1999;B;1.081518321
rijwoning tussen;1996 - 1999;C;1.182068042
rijwoning tussen;1996 - 1999;D;0
rijwoning tussen;1996 - 1999;E;0
rijwoning tussen;1996 - 1999;F;0
rijwoning tussen;1996 - 1999;G;0
rijwoning tussen;1996 - 1999;N;1.145253496
rijwoning tussen;2000 - 2005;A;1
rijwoning tussen;2000 - 2005;B;1.05123717
rijwoning tussen;2000 - 2005;C;0
rijwoning tussen;2000 - 2005;D;1.410525752
rijwoning tussen;2000 - 2005;E;0
rijwoning tussen;2000 - 2005;F;0
rijwoning tussen;2000 - 2005;G;0
rijwoning tussen;2000 - 2005;N;1.054824467
rijwoning tussen;2006 - 2010;A;1
rijwoning tussen;2006 - 2010;B;1.046530904
rijwoning tussen;2006 - 2010;C;0
rijwoning tussen;2006 - 2010;D;0
rijwoning tussen;2006 - 2010;E;0
rijwoning tussen;2006 - 2010;F;0
rijwoning tussen;2006 - 2010;G;0
rijwoning tussen;2006 - 2010;N;1.002994095
rijwoning tussen;2011 - 2014;A;1
rijwoning tussen;2011 - 2014;B;0
rijwoning tussen;2011 - 2014;C;0.909610795
rijwoning tussen;2011 - 2014;D;0
rijwoning tussen;2011 - 2014;E;0
rijwoning tussen;2011 - 2014;F;0
rijwoning tussen;2011 - 2014;G;0
rijwoning tussen;2011 - 2014;N;1.023940111
rijwoning tussen;2015 - 2020;A;1
rijwoning tussen;2015 - 2020;B;0
rijwoning tussen;2015 - 2020;C;0
rijwoning tussen;2015 - 2020;D;0
rijwoning tussen;2015 - 2020;E;0
rijwoning tussen;2015 - 2020;F;0
rijwoning tussen;2015 - 2020;G;0
rijwoning tussen;2015 - 2020;N;1.093907106
rijwoning tussen;2021 - 2030;A;1
rijwoning tussen;2021 - 2030;B;0
rijwoning tussen;2021 - 2030;C;0
rijwoning tussen;2021 - 2030;D;0
rijwoning tussen;2021 - 2030;E;0
rijwoning tussen;2021 - 2030;F;0
rijwoning tussen;2021 - 2030;G;0
rijwoning tussen;2021 - 2030;N;0
rijwoning tussen;2031 - 2040;A;1
rijwoning tussen;2031 - 2040;B;0
rijwoning tussen;2031 - 2040;C;0
rijwoning tussen;2031 - 2040;D;0
rijwoning tussen;2031 - 2040;E;0
rijwoning tussen;2031 - 2040;F;0
rijwoning tussen;2031 - 2040;G;0
rijwoning tussen;2031 - 2040;N;0
rijwoning tussen;2041 - 2050;A;1
rijwoning tussen;2041 - 2050;B;0
rijwoning tussen;2041 - 2050;C;0
rijwoning tussen;2041 - 2050;D;0
rijwoning tussen;2041 - 2050;E;0
rijwoning tussen;2041 - 2050;F;0
rijwoning tussen;2041 - 2050;G;0
rijwoning tussen;2041 - 2050;N;0
meergezins: laag en midden;voor 1930;A;1
meergezins: laag en midden;voor 1930;B;1.109557971
meergezins: laag en midden;voor 1930;C;1.179072151
meergezins: laag en midden;voor 1930;D;1.278260206
meergezins: laag en midden;voor 1930;E;1.361644621
meergezins: laag en midden;voor 1930;F;1.412567952
meergezins: laag en midden;voor 1930;G;1.386631596
meergezins: laag en midden;voor 1930;N;1.469245485
meergezins: laag en midden;1930 - 1945;A;1
meergezins: laag en midden;1930 - 1945;B;1.075870569
meergezins: laag en midden;1930 - 1945;C;1.157669677
meergezins: laag en midden;1930 - 1945;D;1.241730969
meergezins: laag en midden;1930 - 1945;E;1.337164902
meergezins: laag en midden;1930 - 1945;F;1.360564896
meergezins: laag en midden;1930 - 1945;G;1.33214116
meergezins: laag en midden;1930 - 1945;N;1.421456702
meergezins: laag en midden;1946 - 1964;A;1
meergezins: laag en midden;1946 - 1964;B;1.10956204
meergezins: laag en midden;1946 - 1964;C;1.215955665
meergezins: laag en midden;1946 - 1964;D;1.340886874
meergezins: laag en midden;1946 - 1964;E;1.377405661
meergezins: laag en midden;1946 - 1964;F;1.430417355
meergezins: laag en midden;1946 - 1964;G;1.414377857
meergezins: laag en midden;1946 - 1964;N;1.433324655
meergezins: laag en midden;1965 - 1974;A;1
meergezins: laag en midden;1965 - 1974;B;1.111336341
meergezins: laag en midden;1965 - 1974;C;1.204430799
meergezins: laag en midden;1965 - 1974;D;1.294750063
meergezins: laag en midden;1965 - 1974;E;1.451680942
meergezins: laag en midden;1965 - 1974;F;1.448675138
meergezins: laag en midden;1965 - 1974;G;1.328818752
meergezins: laag en midden;1965 - 1974;N;1.349146939
meergezins: laag en midden;1975 - 1991;A;1
meergezins: laag en midden;1975 - 1991;B;1.049835849
meergezins: laag en midden;1975 - 1991;C;1.110978199
meergezins: laag en midden;1975 - 1991;D;1.275022649
meergezins: laag en midden;1975 - 1991;E;1.310956457
meergezins: laag en midden;1975 - 1991;F;0
meergezins: laag en midden;1975 - 1991;G;0
meergezins: laag en midden;1975 - 1991;N;1.156146336
meergezins: laag en midden;1992 - 1995;A;1
meergezins: laag en midden;1992 - 1995;B;1.051673317
meergezins: laag en midden;1992 - 1995;C;1.051230579
meergezins: laag en midden;1992 - 1995;D;1.312968326
meergezins: laag en midden;1992 - 1995;E;0
meergezins: laag en midden;1992 - 1995;F;0
meergezins: laag en midden;1992 - 1995;G;0
meergezins: laag en midden;1992 - 1995;N;1.093648532
meergezins: laag en midden;1996 - 1999;A;1
meergezins: laag en midden;1996 - 1999;B;1.061949196
meergezins: laag en midden;1996 - 1999;C;1.056269491
meergezins: laag en midden;1996 - 1999;D;0
meergezins: laag en midden;1996 - 1999;E;0
meergezins: laag en midden;1996 - 1999;F;0
meergezins: laag en midden;1996 - 1999;G;0
meergezins: laag en midden;1996 - 1999;N;1.073456447
meergezins: laag en midden;2000 - 2005;A;1
meergezins: laag en midden;2000 - 2005;B;1.03201723
meergezins: laag en midden;2000 - 2005;C;1.179099519
meergezins: laag en midden;2000 - 2005;D;1.555077256
meergezins: laag en midden;2000 - 2005;E;0
meergezins: laag en midden;2000 - 2005;F;0
meergezins: laag en midden;2000 - 2005;G;0
meergezins: laag en midden;2000 - 2005;N;0.974523039
meergezins: laag en midden;2006 - 2010;A;1
meergezins: laag en midden;2006 - 2010;B;1.028225638
meergezins: laag en midden;2006 - 2010;C;1.118061148
meergezins: laag en midden;2006 - 2010;D;0
meergezins: laag en midden;2006 - 2010;E;0
meergezins: laag en midden;2006 - 2010;F;0
meergezins: laag en midden;2006 - 2010;G;0
meergezins: laag en midden;2006 - 2010;N;0.958900528
meergezins: laag en midden;2011 - 2014;A;1
meergezins: laag en midden;2011 - 2014;B;1.160969143
meergezins: laag en midden;2011 - 2014;C;1.27824722
meergezins: laag en midden;2011 - 2014;D;0
meergezins: laag en midden;2011 - 2014;E;0
meergezins: laag en midden;2011 - 2014;F;0
meergezins: laag en midden;2011 - 2014;G;0
meergezins: laag en midden;2011 - 2014;N;0.976405325
meergezins: laag en midden;2015 - 2020;A;1
meergezins: laag en midden;2015 - 2020;B;0.978455871
meergezins: laag en midden;2015 - 2020;C;0
meergezins: laag en midden;2015 - 2020;D;0
meergezins: laag en midden;2015 - 2020;E;0
meergezins: laag en midden;2015 - 2020;F;0
meergezins: laag en midden;2015 - 2020;G;0
meergezins: laag en midden;2015 - 2020;N;1.108067788
meergezins: laag en midden;2021 - 2030;A;1
meergezins: laag en midden;2021 - 2030;B;0
meergezins: laag en midden;2021 - 2030;C;0
meergezins: laag en midden;2021 - 2030;D;0
meergezins: laag en midden;2021 - 2030;E;0
meergezins: laag en midden;2021 - 2030;F;0
meergezins: laag en midden;2021 - 2030;G;0
meergezins: laag en midden;2021 - 2030;N;0
meergezins: laag en midden;2031 - 2040;A;1
meergezins: laag en midden;2031 - 2040;B;0
meergezins: laag en midden;2031 - 2040;C;0
meergezins: laag en midden;2031 - 2040;D;0
meergezins: laag en midden;2031 - 2040;E;0
meergezins: laag en midden;2031 - 2040;F;0
meergezins: laag en midden;2031 - 2040;G;0
meergezins: laag en midden;2031 - 2040;N;0
meergezins: laag en midden;2041 - 2050;A;1
meergezins: laag en midden;2041 - 2050;B;0
meergezins: laag en midden;2041 - 2050;C;0
meergezins: laag en midden;2041 - 2050;D;0
meergezins: laag en midden;2041 - 2050;E;0
meergezins: laag en midden;2041 - 2050;F;0
meergezins: laag en midden;2041 - 2050;G;0
meergezins: laag en midden;2041 - 2050;N;0
meergezins: hoog;voor 1930;A;1
meergezins: hoog;voor 1930;B;1.085447132
meergezins: hoog;voor 1930;C;1.133588567
meergezins: hoog;voor 1930;D;1.208577876
meergezins: hoog;voor 1930;E;1.242030497
meergezins: hoog;voor 1930;F;1.26617211
meergezins: hoog;voor 1930;G;1.264761613
meergezins: hoog;voor 1930;N;1.304139232
meergezins: hoog;1930 - 1945;A;1
meergezins: hoog;1930 - 1945;B;1.220805918
meergezins: hoog;1930 - 1945;C;1.308323517
meergezins: hoog;1930 - 1945;D;1.353313551
meergezins: hoog;1930 - 1945;E;1.469860864
meergezins: hoog;1930 - 1945;F;1.509995425
meergezins: hoog;1930 - 1945;G;1.491907872
meergezins: hoog;1930 - 1945;N;1.481082948
meergezins: hoog;1946 - 1964;A;1
meergezins: hoog;1946 - 1964;B;1.037991133
meergezins: hoog;1946 - 1964;C;1.154541576
meergezins: hoog;1946 - 1964;D;1.262231459
meergezins: hoog;1946 - 1964;E;1.285902706
meergezins: hoog;1946 - 1964;F;1.324863021
meergezins: hoog;1946 - 1964;G;1.29693114
meergezins: hoog;1946 - 1964;N;1.303153771
meergezins: hoog;1965 - 1974;A;1
meergezins: hoog;1965 - 1974;B;1.183068765
meergezins: hoog;1965 - 1974;C;1.240061239
meergezins: hoog;1965 - 1974;D;1.310431482
meergezins: hoog;1965 - 1974;E;1.544862482
meergezins: hoog;1965 - 1974;F;1.510906725
meergezins: hoog;1965 - 1974;G;1.625334806
meergezins: hoog;1965 - 1974;N;1.368770898
meergezins: hoog;1975 - 1991;A;1
meergezins: hoog;1975 - 1991;B;1.049812755
meergezins: hoog;1975 - 1991;C;1.110439154
meergezins: hoog;1975 - 1991;D;1.313481296
meergezins: hoog;1975 - 1991;E;1.353481084
meergezins: hoog;1975 - 1991;F;0
meergezins: hoog;1975 - 1991;G;0
meergezins: hoog;1975 - 1991;N;1.161628725
meergezins: hoog;1992 - 1995;A;1
meergezins: hoog;1992 - 1995;B;1.051513291
meergezins: hoog;1992 - 1995;C;1.054877025
meergezins: hoog;1992 - 1995;D;1.125631247
meergezins: hoog;1992 - 1995;E;0
meergezins: hoog;1992 - 1995;F;0
meergezins: hoog;1992 - 1995;G;0
meergezins: hoog;1992 - 1995;N;1.089394694
meergezins: hoog;1996 - 1999;A;1
meergezins: hoog;1996 - 1999;B;1.010481667
meergezins: hoog;1996 - 1999;C;1.029839429
meergezins: hoog;1996 - 1999;D;0
meergezins: hoog;1996 - 1999;E;0
meergezins: hoog;1996 - 1999;F;0
meergezins: hoog;1996 - 1999;G;0
meergezins: hoog;1996 - 1999;N;1.003884306
meergezins: hoog;2000 - 2005;A;1
meergezins: hoog;2000 - 2005;B;1.048527698
meergezins: hoog;2000 - 2005;C;1.128581933
meergezins: hoog;2000 - 2005;D;0
meergezins: hoog;2000 - 2005;E;0
meergezins: hoog;2000 - 2005;F;0
meergezins: hoog;2000 - 2005;G;0
meergezins: hoog;2000 - 2005;N;0.916531053
meergezins: hoog;2006 - 2010;A;1
meergezins: hoog;2006 - 2010;B;1.115179615
meergezins: hoog;2006 - 2010;C;1.399435951
meergezins: hoog;2006 - 2010;D;1.736180242
meergezins: hoog;2006 - 2010;E;0
meergezins: hoog;2006 - 2010;F;0
meergezins: hoog;2006 - 2010;G;0
meergezins: hoog;2006 - 2010;N;0.92860172
meergezins: hoog;2011 - 2014;A;1
meergezins: hoog;2011 - 2014;B;0.999277488
meergezins: hoog;2011 - 2014;C;0
meergezins: hoog;2011 - 2014;D;0
meergezins: hoog;2011 - 2014;E;0
meergezins: hoog;2011 - 2014;F;0
meergezins: hoog;2011 - 2014;G;0
meergezins: hoog;2011 - 2014;N;0.944100375
meergezins: hoog;2015 - 2020;A;1
meergezins: hoog;2015 - 2020;B;1.025051487
meergezins: hoog;2015 - 2020;C;1.085806525
meergezins: hoog;2015 - 2020;D;0
meergezins: hoog;2015 - 2020;E;0
meergezins: hoog;2015 - 2020;F;0
meergezins: hoog;2015 - 2020;G;0
meergezins: hoog;2015 - 2020;N;0.845778069
meergezins: hoog;2021 - 2030;A;1
meergezins: hoog;2021 - 2030;B;0
meergezins: hoog;2021 - 2030;C;0
meergezins: hoog;2021 - 2030;D;0
meergezins: hoog;2021 - 2030;E;0
meergezins: hoog;2021 - 2030;F;0
meergezins: hoog;2021 - 2030;G;0
meergezins: hoog;2021 - 2030;N;0
meergezins: hoog;2031 - 2040;A;1
meergezins: hoog;2031 - 2040;B;0
meergezins: hoog;2031 - 2040;C;0
meergezins: hoog;2031 - 2040;D;0
meergezins: hoog;2031 - 2040;E;0
meergezins: hoog;2031 - 2040;F;0
meergezins: hoog;2031 - 2040;G;0
meergezins: hoog;2031 - 2040;N;0
meergezins: hoog;2041 - 2050;A;1
meergezins: hoog;2041 - 2050;B;0
meergezins: hoog;2041 - 2050;C;0
meergezins: hoog;2041 - 2050;D;0
meergezins: hoog;2041 - 2050;E;0
meergezins: hoog;2041 - 2050;F;0
meergezins: hoog;2041 - 2050;G;0
meergezins: hoog;2041 - 2050;N;0
